ASV2,AATCATTGAATCTTTGAACGCAAATGGCGCTCTTGGGTTCTCCCAGGAGCATGTCTGTCTGAGTGTCGGATTTTATCGAACGCACTCGTGAGTGCGGTATTGAGGTGTCACGGCGTGTTAGCAAGCAAGCATTAAATCGCCGTGTCCCTTGAAGGACAGCAGCATTGGACTCGCATTCTCTATTGAAACTTGAGTGCGAAGGCTAAAGATAATATTTTCCTTCGCCCAAACATGCAATAGCAGAAACAAAATCCAATCAAAGCGGTGAGTGACAATAAACATCAAATCTTGA
ASV4,AATCATTGAATCTTTGAACGCAAATGGCGCTCTTGGGTTCTCCCAGGAGCATGTCTGTCTGAGTGTCGGATTTTATCGAACGCACTCGTGAGTGCGGTATTGAGGTGTCACGGCGTGTTAGCAAGCAAGCAAGCATTAAATCGCCGTGTCCCTTGAAGGACAGCAGCATTGGACTCGCATTCTCTATTGAAACTTGAGTGCGAAGGCTAAAGATAATATTTTCCTTCGCCCAAACATGCAATAGCAGAAACAAGATCCAATCAAAGCGGTGAGTGACAATAAACATCAAATCTTGA
ASV6,AATCATTGAATCTTTGAACGCAAATGGCGCTCTTGGGTTCTCCCAGGAGCATGTCTGTCTGAGTGTCGGATTTTATCGAACGCACTCGTGTGTGCGGTATTGAGGTGTCACGGCGTGTTAGCAAGCAAGCATTAAATCGCCGTGTCCCTTGAAGGACAGCAGCATTGGACTCGCATTCTCTATTGAAACTTGAGTGCGAAGGCTAAAGATAATATTTTCCTTCGCCCAAACATGCAATAGCAGAAACAAAATCCAATCAAAGCGGTGACAGACAATAAACATCAAATCTTGA
ASV7,AATCATTGAATCTTTGAACGCAAATGGCGCTCTTGGGTTCTCCCAGGAGCATGTCTGTCTGAGTGTCGGATTTTATCGAACGCACTCGTGAGTGCGGTATTGAGGTGTCACGGCGTGTTAGCATTAAATCGCCGTGTCCCTTGAAGGACAGCAGCATTGGACTCGCATTCTCTATTGAAACTTGAGTGCGAAGGCTAAAGATAATATTTTCCTTCGCCCAAACATGCAATAGCAGAAACAAAATCCAATCAAAGCGGTGACAGACAATGACAACATCAAATCTTGA
ASV9,AATCATTGAATCTTTGAACGCAAATGGCGCTCTTGGGTTCTCCCAGGAGCATGTCTGTCTGAGTGTCGGATTTTATCGAACGCACTCGTGAGTGCGGTATTGAGGTGTCACGGCGTGTTAGCAAGCAAGCAAGCATTAAATCGCCGTGTCCCTTGAAGGACAGCAGCATTGGACTCGCATTCTCTATTGAAACTTGAGTGCGAAGGCTAAAGATAATATTTTCCTTCGCCCAAACATGCAATAGCAGAAACAAAATCCAATCAAAGCGGTGACAGACAATGACAACATCAAATCTTGA
ASV10,AATCATTGAATCTTTGAACGCAAATGGCGCTCTTGGGTTCTCCCAGGAGCATGTCTGTCTGAGTGTCGGATTTTATCGAACGCACTCGTGAGTGCGGTATTGAGGTGTCACGGCGTGTTAGCAAGCAAGCAAGCATTAAATCGCCGTGTCCCTTGAAGGACAGCAGCATTGGACTCGCATTCTCTATTGAAACTTGAGTGCGAAGGCTAAAGATAATATTTTCCTTCGCCCAAACATGCAATAGCAGAAACAAAATCCAATCAAAGCGGTGAGTGACAATAAACATCAAATCTTGA
ASV14,AATCATTGAATCTTTGAACGCAAATGGCGCTCTTGGGTTCTCCCAGGAGCATGTCTGTCTGAGTGTCGGATTTTATCGAACGCACTCGTGAGTGCGGTATTGAGGTGTCACGGCGTGTTAGCAAGCAAGCATTAAATCGCCGTGTCCCTTGAAGGACAGCAGCATTGGACTCGCATTCTCTATTGAAACTTGAGTGCGAAGGCTAAAGATAATATTTTCCTTCGCCCAAACATGCAATAGCAGAAAGAAAATCCAATCAAAGCGGTGACAGACAATAAACATCAAATCTTGA
ASV15,AATCATTGAATCTTTGAACGCAAATGGCGCTCTTGGGTTCTCCCAGGAGCATGTCTGTCTGAGTGTCGGATTTTATCGAACGCACTCGTGAGTGCGGTATTGAGGTGTCACGGCGTGTTAGCAAGCATTACATCGCCGTGTCCCTTGAAGGACAGCAGCATTGGACTCGCATTCTGTATTGAAACTTGAGTGCGAAGGCTAAAGATAATATTTTCCTTCGCCCAAACATGCAATAGCAGAAACAAAATCCAATCAAAGCGGTGACAGACAATAAACATCAAATCTTGA
ASV16,AATCATTGAATCTTTGAACGCAAATGGCGCTCTTGGGTTCTCCCAGGAGCATGTCTGTCTGAGTGTCGGATTTTATCGAACGCACTCGTGAGTGCGGTATTGAGGTGTCACGGCGTGTTAGCAAGCAAGCATGAAATCGCCGTGTCCCTTGAAGGACAGCAGCATTGGACTCGCATTCTCTATTGAAACTTGAGTGCGAAGGCTAAAGATAATATTTTCCTTCGCCCAAACATGCAATAGCAGAAACAAAATCCAATCAAAGCGGTGACAGAGAATAAACATCAAATCTTGA
ASV17,AATCATTGAATCTTTGAACGCAAATGGCGCTCTTGGGTTCTCCCAGGAGCATGTCTGTCTGAGTGTCGGATTTTATCGAACGCACTCGTGAGTGCGGTATTGAGGTGTCACGGCGTGTTAGCAAGCAAGCATTAAATCGCCGTGTCCCTTGAAGGACAGCAGCATTGGACTCGCATTCTCTATTGAAACTTGAGTGCGAAGGCTAAAGATAATATTTTCCTTCGCCCAAACATGCAATAGCAGAAACAAGATCCAATCAAAGCGGTGAGTGACAATAAACATCAAATCTTGA
ASV19,AATCATTGAATCTTTGAACGCAAATGGCGCTCTTGGGTTCTCCCAGGAGCATGTCTGTCTGAGTGTCGGATTTTATCGAACGCACTCGTGAGTGCGGTATTGAGGTGTCACGGCGTGTTAGCAAGCAAGCATTAAATCGCCGTGTCCCTTGAAGGACAGCAGCATTGGACTCGCATTCTCTATTGAAACTTGAGTGCGAAGGCTAAAGATAATATTTTCCTTCGCCCAAACATGCAATAGCAGAAACAAAATCCAATCAAAGCGGTGACAGAGAATAAACATCAAATCTTGA
ASV22,AATCATTGAATCTTTGAACGCAAATGGCGCTCTTGGGTTCTCCCAGGAGCATGTCTGTCTGAGTGTCGGATTTTATCGAACGCACTCGTGGCTCATGTGACTCATGTGTGCGGTATTGAGGTGTCACGGCGTGTTAGCATTAGTAAATCGCCGTGTCCCTTGAAGGGCAGCAGCATTGGACTCGCATTCTCTATTGAAACTTGAGTGCGAAGGCTAAAGATAATATTTTCCTTCGCCCAAAAATCCAATAGCAGAAAGAAAATCCAATCAAAGCGGTGACAGACAATAAACATCAAATCTTGA
ASV25,AATCATTGAATCTTTGAACGCAAATGGCGCTCTTGGGTTCTCCCAGGAGCATGTCTGTCTGAGTGTCGGATTTTATCGAACGCACTCGTGACTCATGTGACTCATGTGTGCGGTATTGAGGTGTCACGGCGTGTTAGCATTAGTAAATCGCCGTGTCCCTTGAAGGACAGCAGCATTGGACTCGCATTCTCTATTGAAACTTGAGTGCGAAGGCTAAAGATAATATTTTCCTTCGCCCAAACATGCAATAGCAGAAACAAAATCCAATCAAAGCGGTGAGTGACAATAAACATCAAATCTTGA
ASV26,AATCATTGAATCTTTGAACGCAAATGGCGCTCTTGGGTTCTCCCAGGAGCATGTCTGTCTGAGTGTCGGATTTTATCGAACGCACTCGTGACTCATGAGACTCATGTGTGCGGTATTGAGGTGTCACGGCGTGTTAGCAAGCAAGCATTAAATCGCCGTGTCCCTTGAAGGACAGCAGCATTGGACTCGCATTCTCTATTGAAACTTGAGTGCGAAGGCTAAAGATAATATTTTCCTTCGCCCAAACATGCAATAGCAGAAACAAAGTCCAATCAAAGCGGTGACAAACAATAAACATCAAATCTTGA
ASV27,AATCATTGAATCTTTGAACGCAAATGGCGCTCTTGGGTTCTCCCAGGAGCATGTCTGTCTGAGTGTCGGATTTTATCGAACGCACTCGTGAGTGCGGTATTGAGGTGTCACGGCGTGTTAGCAAGCAGGCATTAAATCGCCGTGTCCCTTGAAGGACAGCAGCATTGGACTCGCATTCTCTATTGAAACTTGAGAGCGAAGGCTAAAGATAATATTTTCCTTCGCCCAAACATGCAATAGCAGAAACAAGATCCAATCAAAGCGGTGAGTGACAATAAACATCAAATCTTGA
ASV28,AATCATTGAATCTTTGAACGCAAATGGCGCTCTTGGGTTCTCCCAGGAGCATGTCTGTCTGAGTGTCGGATTTTATCGAACGCACTCGTGTGTGCGGTATTGAGGTGTCACGGCGTGTTAGCAAGCAAGCATTAAATCGCCGTGTCCCTTGAAGGACAGCAGCATTGGACTCGCATTCTCTATTGAAACTTGAGTGCGAAGGCTAAAGATAATATTTTCCTTCGCCCAAACATGCAATAGCAGAAACAAAATCCAATCAAAGCGGTGAGTGACAATAAACATCAAATCTTGA
ASV32,AATCATTGAATCTTTGAACGCAAATGGCGCTCTTGGGTTCTCCCAGGAGCATGTCTGTCTGAGTGTCGGATTTTATCGAACGCACTCGTGAGTGCGGTATTGAGGTGTCACGGCGTGTTAGCATTAAATCGCCGTGTCCCTTGAAGGACAGCAGCATTGGACTCGCATTCTCTATTGAAACTTGAGTGCGAAGGCTAAAGATAATATTTTCCTTCGCCCAAACATGCAATAGCAGAAACAAAATCCAATCAAAGCGGTGACAGACAATAAACATCAAATCTTGA
ASV39,AATCATTGAATCTTTGAACGCAAATGGCGCTCTTGGGTTCTCCCAGGAGCATGTCTGTCTGAGTGTCGGATTTTATCGAACGCACTCGTGAGTGCGGTATTGAGGTGTCACGGCGTGTTAGCAAGCAAGCATTAAATCGCCGTGTCCCTTGAAGGACAGCAGCATTGGACTCGCATTCTCTATTGAAACTTGAGTGCGAAGGCTAAAGATAATATTTTCCTTCGCCCAAACATGCAATAGCAGAAACAAAATCCAATCAAAGCGGTGACAGACAATGACAACATCAAATCTTGA
ASV41,AATCATTGAATCTTTGAACGCAAATGGCGCTCTTGGGTTCTCCCAGGAGCATGTCTGTCTGAGTGTCGGATTTTATCGAACGCACTCGTGAGTGCGGTATTGAGGTGTCACGGCGTGTTAGCAAGCAAGCATGAAATCGCCGTGTCCCTTGAAGGACAGCAGCATTGGACTCGCATTCTCTATTGAAACTTGAGTGCGAAGGCTAAAGATAATATTTTCCTTCGCCCAAACATGCAATAGCAGAAACAAAATCCAATCAAAGCGGTGAGTGACAATAAACATCAAATCTTGA
ASV42,AATCATTGAATCTTTGAACGCAAATGGCGCTCTTGGGTTCTCCCAGGAGCATGTCTGTCTGAGTGTCGGATTTTATCGAACGCACTCGTGAGTGCGGTATTGAGGTGTCACGGCGTGTTAGCAAGCAAGCAAGCATTAAATCGCCGTGTCCCTTGAAGGACAGCAGCATTGGACTCGCATTCTCTATTGAAACTTGAGTGCGAAGGCTAAAGATAATATTTTCCTTCGCCCAAACATGCAATAGCAGAAACAAAGTCCAATCAAAGCGGTGACAAACAATAAACATCAAATCTTGA
ASV44,AATCATTGAATCTTTGAACGCAAATGGCGCTCTTGGGTTCTCCCAGGAGCATGTCTGTCTGAGTGTCGGATTTTATCGAACGCACTCGTGAGTGCGGTATTGAGGTGTCACGGCGTGTTAGCATTAGTAAATCGCCGTGTCCCTTGAAGGACAGCAGCATTGGACTCGCATTCTCTATTGAAACTTGAGTGCGAAGGCTAAAGATAATATTTTCCTTCGCCCAAACATGCAATAGCAGAAACAAAATCCAATCAAAGCGGTGACAGACAATGACAACATCAAATCTTGA
ASV46,AATCATTGAATCTTTGAACGCAAATGGCGCTCTTGGGTTCTCCCAGGAGCATGTCTGTCTGAGTGTCGGATTTTATCGAACGCACTCGTGTGTGCGGTATTGAGGTGTCACGGCGTGTTAGCAAGCAAGCATTAAATCGCCGTGTCCCTTGAAGGACAGCAGCATTGGACTCGCATTCTCTATTGAAACTTGAGTGCGAAGGCTAAAGATAATATTTTCCTTCGCCCAAACATGCAATAGCAGAAACAAAATCCAATCAAAGCGGTGACAGACAATGACAACATCAAATCTTGA
ASV49,AATCATTGAATCTTTGAACGCAAATGGCGCTCTTGGGTTCTCCCAGGAGCATGTCTGTCTGAGTGTCGGATTTTATCGAACGCACTCGTGAGTGCGGTATTGAGGTGTCACGGCGTGTTAGCAAGCAAGCATTAAATCGCCGTGTCCCTTGAAGGACAGCAGCATTGGACTCGCATTCTCTATTGAAACTTGAGTGCGAAGGCTAAAGATAATATTTTCCTTCGCCCAAACATGCAATAGCAGAAACAAAGTCCAATCAAAGCGGTGACAAACAATAAACATCAAATCTTGA
ASV67,AATCATTGAATCTTTGAACGCAAATGGCGCTCTTGGGTTCTCCCAGGAGCATGTCTGTCTGAGTGTCGGATTTTATCGAACGCACTCGTGAGTGCGGTATTGAGGTGTCACGGCGTGTTAGCATTAGTAAATCGCCGTGTCCCTTGAAGGACAGCAGCATTGGACTCGCATTCTCTATTGAAACTTGAGTGCGAAGGCTAAAGATAATATTTTCCTTCGCCCAAACATGCAATAGCAGAAACAAAATCCAATCAAAGCGGTGAGTGACAATAAACATCAAATCTTGA
ASV70,AATCATTGAATCTTTGAACGCAAATGGCGCTCTTGGGTTCTCCCAGGAGCATGTCTGTCTGAGTGTCGGATTTTATCGAACGCACTCGTGAGTGCGGTATTGAGGTGTCACGGCGTGTTAGCAAGCAAGCAAGCATGAAATCGCCGTGTCCCTTGAAGGACAGCAGCATTGGACTCGCATTCTCTATTGAAACTTGAGTGCGAAGGCTAAAGATAATATTTTCCTTCGCCCAAACATGCAATAGCAGAAACAAAATCCAATCAAAGCGGTGACAGAGAATAAACATCAAATCTTGA
ASV79,AATCATTGAATCTTTGAACGCAAATGGCGCTCTTGGGTTCTCCCAGGAGCATGTCTGTCTGAGTGTCGGATTTTATCGAACGCACTCGTGACTCATGAGACTCATGTGTGCGGTATTGAGGTGTCACGGCGTGTTAGCAAGCAAGCATTAAATCGCCGTGTCCCTTGAAGGACAGCAGCATTGGACTCGCATTCTCTATTGAAACTTGAGTGCGAAGGCTAAAGATAATATTTTCCTTCGCCCAAACATGCAATAGCAGAAACAAGATCCAATCAAAGCGGTGAGTGACAATAAACATCAAATCTTGA
ASV89,AATCATTGAATCTTTGAACGCAAATGGCGCTCTTGGGTTCTCCCAGGAGCATGTCTGTCTGAGTGTCGGATTTTATCGAACGCACTCGTGAGTGCGGTATTGAGGTGTCACGGCGTGTTAGCAAGCAAGCAAGCATTAAATCGCCGTGTCCCTTGAAGGACAGCAGCATTGGACTCGCATTCTCTATTGAAACTTGAGTGCGAAGGCTAAAGATAATATTTTCCTTCGCCCAAACATGCAATAGCAGAAACAAGATCCAATCAAAGCGGTGACAGACAATGACAACATCAAATCTTGA
ASV90,AATCATTGAATCTTTGAACGCAAATGGCGCTCTTGGGTTCTCCCAGGAGCATGTCTGTCTGAGTGTCGGATTTTATCGAACGCACTCGTGACTCATGTGACTCATGTGTGCGGTATTGAGGTGTCACGGCGTGTTAGCAAGCCTTAAATCGCCGTGTCCCTTGAAGGACAGCAGCATTGGACTCGCATTCTCTATTGAAACTTGAGTGCGAAGGCTAAAGATAATATTTTCCTTCGCCCAAACATGCAATAGCAGAAACAAAATCCAATCAAAGCGGTGACAGACAATAAACATCAAATCTTGA
ASV97,AATCATTGAATCTTTGAACGCAAATGGCGCTCTTGGGTTCTCCCAGGAGCATGTCTGTCTGAGTGTCGGATTTTATCGAACGCACTCGTGAGTGCGGTATTGAGGTGTCACGGCGTGTTAGCATTAGTAAATCGCCGTGTCCCTTGAAGGGCAGCAGCATTGGACTCGCATTCTCTATTGAAACTTGAGTGCGAAGGCTAAAGATAATATTTTCCTTCGCCCAAACATGCAATAGCAGAAACAAAATCCAATCAAAGCGGTGAGTGACAATAAACATCAAATCTTGA
ASV126,AATCATTGAATCTTTGAACGCAAATGGCGCTCTTGGGTTCTCCCAGGAGCATGTCTGTCTGAGTGTCGGATTTTATCGAACGCACTCGTGAGTGCGGTATTGAGGTGTCACGGCGTGTTAGCAAGCAAGCAAGCATTAAATCGCCGTGTCCCTTGAAGGACAGCAGCATTGGACTCGCATTCTCTATTGAAACTTGAGTGCGAAGGCTAAAGATAATATTTTCCTTCGCCCAAACATGCAATAGCAGAAACAAAATCCAATCAAAGCGGTGACAGACAATAAACATCAAATCTTGA
ASV132,AATCATTGAATCTTTGAACGCAAATGGCGCTCTTGGGTTCTCCCAGGAGCATGTCTGTCTGAGTGTCGGATTTTATCGAACGCACTCGTGAGTGCGGTATTGAGGTGTCACGGCGTGTTAGCAAGCAAGCAAGCATTAAATCGCCGTGTCCCTTGAAGGACAGCAGCATTGGACTCGCATTCTCTATTGAAACTTGAGTGCGAAGGCTAAAGATAATATTTTCCTTCGCCCAAACATGCAATAGCAGAAAGAAAATCCAATCAAAGCGGTGACAGACAATAAACATCAAATCTTGA
ASV138,AATCATTGAATCTTTGAACGCAAATGGCGCTCTTGGGTTCTCCCAGGAGCATGTCTGTCTGAGTGTCGGATTTTATCGAACGCACTCGTGAGTGCGGTATTGAGGTGTCACGGCGTGTTAGCAAGCAAGCAAGCATTAAATCGCCGTGTCCCTTGAAGGACAGCAGCATTGGACTCGCATTCTCTATTGAAACTTGAGTGCGAAGGCTAAAGATAATATTTTCCTTCGCCCAAACATGCAATAGCAGAAACAAGATCCAATCAAAGCGGTGAGTGACAATAAACATCCAATCTTGA
ASV140,AATCATTGAATCTTTGAACGCAAATGGCGCTCTTGGGTTCTCCCAGGAGCATGTCTGTCTGAGTGTCGGATTTTATCGAACGCACTCGTGACTCATGTGACTCATGTGTGCGGTATTGAGGTGTCACGGCGTGTTAGCATTAAATCGCCGTGTCCCTTGAAGGACAGCAGCATTGGACTCGCATTCTCTATTGAAACTTGAGTGCGAAGGCTAAAGATAATATTTTCCTTCGCCCAAACATGCAATAGCAGAAACAAAATCCAATCAAAGCGGTGAGTGACAATAAACATCAAATCTTGA
ASV145,AATCATTGAATCTTTGAACGCAAATGGCGCTCTTGGGTTCTCCCAGGAGCATGTCTGTCTGAGTGTCGGATTTTATCGAACGCACTCGTGACTCATGTGACTCATGTGTGCGGTATTGAGGTGTCACGGCGTGTTAGCATTAGTAAATCGCCGTGTCCCTTGAAGGACAGCAGCATTGGACTCGCATTCTCTATTGAAACTTGAGTGCGAAGGCTAAAGATAATATTTTCCTTCGCCCAAACATGCAATAGCAGAAACAAAATCCAATCAAAGCGGTGACAGAGAATAAACATCAAATCTTGA
ASV166,AATCATTGAATCTTTGAACGCAAATGGCGCTCTTGGGTTCTCCCAGGAGCATGTCTGTCTGAGTGTCGGATTTTATCGAACGCACTCGTGTGTGCGGTATTGAGGTGTCACGGCGTGTTAGCATTAAATCGCCGTGTCCCTTGAAGGACAGCAGCATTGGACTCGCATTCTCTATTGAAACTTGAGTGCGAAGGCTAAAGATAATATTTTCCTTCGCCCAAACATGCAATAGCAGAAACAAAATCCAATCAAAGCGGTGACAGACAATAAACATCAAATCTTGA
ASV174,AATCATTGAATCTTTGAACGCAAATGGCGCTCTTGGGTTCTCCCAGGAGCATGTCTGTCTGAGTGTCGGATTTTATCGAACGCACTCGTGGCTCATGTGACTCATGTGTGCGGTATTGAGGTGTCACGGCGTGTTAGCATTAGTAAATCGCCGTGTCCCTTGAAGGGCAGCAGCATTGGACTCGCATTCTCTATTGAAACTTGAGTGCGAAGGCTAAAGATAATATTTTCCTTCGCCCAAAAATCCAATAGCAGAAACAAAATCCAATCAAAGCGGTGAGTGACAATAAACATCAAATCTTGA
ASV260,AATCATTGAATCTTTGAACGCAAATGGCGCTCTTGGGTTCTCCCAGGAGCATGTCTGTCTGAGTGTCGGATTTTATCGAACGCACTCGTGAGTGCGGTATTGAGGTGTCACGGCGTGTTAGCATTAGTAAATCGCCGTGTCCCTTGAAGGGCAGCAGCATTGGACTCGCATTCTCTATTGAAACTTGAGTGCGAAGGCTAAAGATAATATTTTCCTTCGCCCAAAAATCCAATAGCAGAAAGAAAATCCAATCAAAGCGGTGACAGACAATAAACATCAAATCTTGA
