DIV,Color
A3f,Green
B1,Green
B20a,Green
B7a,Green
C1,Yellow
C116,Orange
C116f,Orange
C12j,Brown
C15,Blue
C15ae,Grey
C15bk,Grey
C15by,Grey
C15ch,Grey
C15cn,Grey
C15co,Grey
C15cp,Grey
C15cq,Grey
C15cs,Grey
C15ct,Navy
C15cu,Red
C15cv,Grey
C15cw,Grey
C15cx,Grey
C15cy,Grey
C15cz,Grey
C15db,Grey
C15dl,Grey
C15dr,Grey
C15ds,Grey
C15dz,Grey
C15ej,Grey
C15fx,Grey
C15fz,Grey
C15gr,Grey
C15hj,Grey
C15ig,Grey
C15jr,Grey
C15ks,Grey
C15lc,Grey
C15lg,Grey
C15ln,Grey
C15lo,Grey
C15lp,Grey
C15lq,Grey
C15ls,Grey
C15m,Purple
C15mc,Grey
C15ni,Grey
C15nl,Grey
C15nq,Grey
C15nr,Grey
C15ns,Grey
C15nt,Grey
C15nu,Grey
C15nv,Grey
C15ob,Grey
C15on,Grey
C15pf,Grey
C15ps,Grey
C15qm,Grey
C15qx,Grey
C15qz,Grey
C15sw,Grey
C15tm,Grey
C15tw,Grey
C15tz,Grey
C1b,Yellow
C1bp,Yellow
C1d,Yellow
C3,Yellow
C3cn,Yellow
C3dc,Yellow
C3df,Yellow
C3dg,Yellow
C3dh,Yellow
C3mo,Yellow
C3mp,Yellow
C3mq,Yellow
C3rf,Yellow
C50a,Yellow
D1,Black
XC,pink
XC,pink
XC,pink
XC,pink
XC,pink
XC,pink
XC,pink
XC,pink
XC,pink
XC,pink
XC,pink
XC,pink
XC,pink
XC,pink
XC,pink
XC,pink
XC,pink
XC,pink
XC,pink
XC,pink
XC,pink
XC,pink
XC,pink
XC,pink
XC,pink
XC,pink
XC,pink
XC,pink
XC,pink
XC,pink
XC,pink
XC,pink
XC,pink
XC,pink
XC,pink
XC,pink
XC,pink
XC,pink
XC,pink
